account_id,transaction_date,total_debit_amount,total_credit_amount,net_amount,transaction_count,distinct_merchants,top_category,currencies,updated_at
ACC-1001,2024-03-14,4568.7500,0.0000,-4568.7500,1,1,food_and_beverage,CAD,2026-09-27 18:42:15.574915
ACC-1003,2024-02-20,43.0500,0.0000,-43.0500,1,1,electronics,USD,2026-09-27 18:42:15.574915
ACC-1016,2024-03-08,129.8300,0.0000,-129.8300,1,1,transfer,JPY,2026-09-27 18:42:15.574915
ACC-1011,2024-02-22,3199.0800,7912.1000,4713.0200,2,2,electronics,"EUR, USD",2026-09-27 18:42:15.574915
ACC-1015,2024-02-27,72.7700,0.0000,-72.7700,1,1,payroll,USD,2026-09-27 18:42:15.574915
ACC-1017,2024-03-20,29.2200,0.0000,-29.2200,1,1,e-commerce,EUR,2026-09-27 18:42:15.574915
ACC-1002,2024-02-02,135.6600,0.0000,-135.6600,1,1,health,USD,2026-09-27 18:42:15.574915
ACC-1006,2024-03-24,181.0600,5073.3400,4892.2800,2,2,transportation,"EUR, USD",2026-09-27 18:42:15.574915
ACC-1013,2024-02-18,649.4700,0.0000,-649.4700,1,1,e-commerce,USD,2026-09-27 18:42:15.574915
ACC-1006,2024-02-16,150.6400,0.0000,-150.6400,1,1,transportation,USD,2026-09-27 18:42:15.574915
ACC-1003,2024-01-04,11.5800,0.0000,-11.5800,1,1,electronics,JPY,2026-09-27 18:42:15.574915
ACC-1013,2024-01-14,140.3500,0.0000,-140.3500,1,1,food_and_beverage,USD,2026-09-27 18:42:15.574915
ACC-1005,2024-03-24,171.2500,2323.0500,2151.8000,2,2,electronics,USD,2026-09-27 18:42:15.574915
ACC-1019,2024-01-17,0.0000,3288.8500,3288.8500,1,1,none,USD,2026-09-27 18:42:15.574915
ACC-1008,2024-01-11,3658.8100,0.0000,-3658.8100,1,1,e-commerce,USD,2026-09-27 18:42:15.574915
ACC-1020,2024-01-23,141.7700,0.0000,-141.7700,1,1,health,CHF,2026-09-27 18:42:15.574915
ACC-1017,2024-01-31,0.0000,7774.9700,7774.9700,1,1,none,GBP,2026-09-27 18:42:15.574915
ACC-1005,2024-03-26,829.7500,0.0000,-829.7500,1,1,travel,USD,2026-09-27 18:42:15.574915
ACC-1014,2024-03-14,4659.6900,0.0000,-4659.6900,1,1,retail,AUD,2026-09-27 18:42:15.574915
ACC-1004,2024-02-07,0.0000,4492.5000,4492.5000,1,1,none,EUR,2026-09-27 18:42:15.574915
ACC-1001,2024-03-09,759.7600,0.0000,-759.7600,1,1,home_and_garden,CHF,2026-09-27 18:42:15.574915
ACC-1003,2024-01-14,1104.4500,0.0000,-1104.4500,1,1,transportation,USD,2026-09-27 18:42:15.574915
ACC-1007,2024-03-19,3771.7800,0.0000,-3771.7800,1,1,food_and_beverage,AUD,2026-09-27 18:42:15.574915
ACC-1004,2024-03-23,856.8900,0.0000,-856.8900,1,1,retail,USD,2026-09-27 18:42:15.574915
ACC-1011,2024-03-07,0.0000,3707.4200,3707.4200,1,1,none,USD,2026-09-27 18:42:15.574915
